rep_id,calls,proxy_resolution_rate,true_resolution_rate,proxy_true_gap_rate,repeat_30d_rate,repeat_31_60d_rate,escalation_rate,credit_risk_avg,detection_density_avg,rep_drift_avg,outcome_risk_avg,trust_score_avg,gaming_propensity_avg,burnout_avg,aware_gaming_rate,scripted_phrase_rate,resolution_gap,rep_dar
REP00081,534,0.8689138576779026,0.4700374531835206,0.45318352059925093,0.17228464419475656,0.36329588014981273,0.13857677902621723,0.2211043202062974,0.07570893525949705,0.2081276404494382,0.299812734082397,73.61606741573034,0.0,0.6572112359550562,0.1704119850187266,0.23220973782771537,0.3989,0.377155
REP00207,559,0.851520572450805,0.47227191413237923,0.43112701252236135,0.15026833631484796,0.3041144901610018,0.11985688729874776,0.21285755167849107,0.0794786608740097,0.19318647584973167,0.2789803220035778,74.89763864042934,0.0,0.5231774597495528,0.1967799642218247,0.24150268336314848,0.3792,0.302521
REP00046,513,0.8401559454191033,0.4600389863547758,0.42300194931773877,0.18518518518518517,0.30409356725146197,0.13840155945419103,0.20517074428270426,0.07713728766360345,0.1792032358674464,0.2977582846003899,75.13545808966862,0.0,0.4881214424951267,0.18128654970760233,0.24366471734892786,0.3801,0.292343
REP00171,519,0.8092485549132948,0.4720616570327553,0.40847784200385356,0.16184971098265896,0.3333333333333333,0.16570327552986513,0.21959789640997682,0.07707129094412331,0.1762221965317919,0.29836223506743736,75.24393063583815,0.0,0.45625549132947973,0.18882466281310212,0.2466281310211946,0.3372,0.347619
REP00175,530,0.8320754716981132,0.4679245283018868,0.4320754716981132,0.14339622641509434,0.31886792452830187,0.13962264150943396,0.20901876611226183,0.068733153638814,0.1774611320754717,0.28537735849056606,75.27360377358491,0.0,0.5094754716981132,0.16792452830188678,0.20754716981132076,0.3642,0.321995
REP00114,545,0.8440366972477065,0.47155963302752296,0.42018348623853213,0.1724770642201835,0.3137614678899083,0.14128440366972478,0.2255087905511676,0.07208387942332896,0.16029614678899085,0.2926605504587156,75.28585321100918,0.0,0.40927889908256876,0.1743119266055046,0.21467889908256882,0.3725,0.313043
REP00216,524,0.8358778625954199,0.4751908396946565,0.4179389312977099,0.1717557251908397,0.29961832061068705,0.14122137404580154,0.2096930334486526,0.07251908396946564,0.187261106870229,0.28921755725190834,75.31404580152672,0.0,0.5713246183206107,0.16221374045801526,0.20419847328244276,0.3607,0.312785
REP00027,530,0.8358490566037736,0.48867924528301887,0.4,0.1830188679245283,0.35283018867924526,0.14528301886792452,0.22429614029131967,0.06630727762803233,0.1933922641509434,0.29754716981132073,75.33615094339623,0.0,0.6018669811320755,0.16226415094339622,0.19811320754716982,0.3472,0.374718
REP00150,558,0.8351254480286738,0.478494623655914,0.4032258064516129,0.17383512544802868,0.3154121863799283,0.14695340501792115,0.2034382107815734,0.07731694828469021,0.2064736200716846,0.29265232974910393,75.3541935483871,0.0,0.6210777777777777,0.1827956989247312,0.22759856630824374,0.3566,0.304721
REP00115,535,0.8392523364485981,0.49906542056074765,0.40373831775700936,0.17009345794392525,0.3252336448598131,0.1252336448598131,0.22125247282626861,0.07449933244325767,0.19688392523364487,0.2814018691588785,75.41022429906542,0.0,0.5722700934579439,0.18317757009345795,0.22803738317757008,0.3402,0.334076
REP00233,540,0.8425925925925926,0.5092592592592593,0.3925925925925926,0.17407407407407408,0.35,0.13703703703703704,0.2401771309701325,0.0738095238095238,0.1836011111111111,0.2862037037037037,75.42718518518518,0.0,0.5471722222222223,0.1648148148148148,0.21481481481481482,0.3333,0.351648
REP00149,502,0.8207171314741036,0.4800796812749004,0.4043824701195219,0.1892430278884462,0.33067729083665337,0.13545816733067728,0.21200947299185186,0.07655093910073989,0.18244083665338645,0.29621513944223105,75.45822709163346,0.0,0.5357101593625498,0.16733067729083664,0.23306772908366533,0.3406,0.342233
REP00038,536,0.8619402985074627,0.5186567164179104,0.3917910447761194,0.17164179104477612,0.3283582089552239,0.14738805970149255,0.21263406554250358,0.07675906183368869,0.21806522388059701,0.28199626865671645,75.50638059701492,0.0,0.6327701492537313,0.20335820895522388,0.21455223880597016,0.3433,0.32684
REP00224,533,0.8405253283302064,0.4878048780487805,0.4090056285178236,0.17636022514071295,0.300187617260788,0.11069418386491557,0.22195529883424414,0.07558295363173412,0.17466499061913696,0.2792682926829268,75.61878048780487,0.0,0.45540750469043145,0.18574108818011256,0.20637898686679174,0.3527,0.292411
REP00206,555,0.8342342342342343,0.46846846846846846,0.42342342342342343,0.16936936936936936,0.3279279279279279,0.11531531531531532,0.21583293534214645,0.06589446589446589,0.15842180180180182,0.2882882882882883,75.63778378378379,0.0,0.40291981981981984,0.17297297297297298,0.209009009009009,0.3658,0.332613
REP00045,552,0.8333333333333334,0.48731884057971014,0.39855072463768115,0.18840579710144928,0.3278985507246377,0.1431159420289855,0.20788031901003434,0.07116977225672878,0.1938223550724638,0.29528985507246375,75.64201086956521,0.0,0.5941117753623189,0.16666666666666666,0.21739130434782608,0.346,0.315217
REP00168,541,0.833641404805915,0.4731977818853974,0.4066543438077634,0.17005545286506468,0.31608133086876156,0.15157116451016636,0.19974176218375936,0.07446527594401901,0.1858445101663586,0.294362292051756,75.67465804066543,0.0,0.5341208872458411,0.1756007393715342,0.2199630314232902,0.3604,0.32816
REP00132,530,0.879245283018868,0.5150943396226415,0.4075471698113208,0.14528301886792452,0.31886792452830187,0.12075471698113208,0.22271011366921847,0.0752021563342318,0.18705924528301887,0.2670754716981132,75.70558490566037,0.0,0.5107679245283019,0.18867924528301888,0.22641509433962265,0.3642,0.317597
REP00098,549,0.848816029143898,0.4972677595628415,0.4080145719489982,0.19854280510018216,0.3005464480874317,0.14207650273224043,0.20206409165498349,0.07338017174082748,0.18251482695810567,0.29098360655737704,75.73326047358835,0.0,0.5027380692167577,0.18214936247723132,0.22586520947176686,0.3515,0.298283
REP00099,532,0.8421052631578947,0.4830827067669173,0.4041353383458647,0.18233082706766918,0.3308270676691729,0.12593984962406016,0.21235436769347676,0.07599355531686358,0.16757255639097746,0.2908834586466165,75.79823308270676,0.0,0.4360770676691729,0.17857142857142858,0.231203007518797,0.359,0.319196
REP00228,532,0.8195488721804511,0.4755639097744361,0.41353383458646614,0.17293233082706766,0.35150375939849626,0.12406015037593984,0.21349352850926684,0.06954887218045112,0.15406928571428571,0.29295112781954885,75.8306015037594,0.0,0.44891785714285715,0.14285714285714285,0.21804511278195488,0.344,0.364679
REP00165,520,0.8634615384615385,0.5038461538461538,0.39807692307692305,0.17884615384615385,0.33653846153846156,0.15384615384615385,0.21405355043145272,0.07554945054945054,0.17302,0.29144230769230767,75.83192307692308,0.0,0.5059653846153847,0.1596153846153846,0.2326923076923077,0.3596,0.349666
REP00002,550,0.8381818181818181,0.4818181818181818,0.4018181818181818,0.18727272727272729,0.3,0.14181818181818182,0.20543655478440156,0.07558441558441559,0.1771472727272727,0.2920909090909091,75.83510909090909,0.0,0.4807363636363636,0.18,0.21818181818181817,0.3564,0.305857
REP00205,512,0.845703125,0.48828125,0.404296875,0.19140625,0.369140625,0.142578125,0.18065632750890614,0.07366071428571429,0.194281640625,0.301953125,75.853046875,0.0,0.553927734375,0.185546875,0.2265625,0.3574,0.371824
REP00008,540,0.8518518518518519,0.5,0.40925925925925927,0.1648148148148148,0.3074074074074074,0.12037037037037036,0.20014820591163665,0.073015873015873,0.1944977777777778,0.27564814814814814,75.87475925925926,0.0,0.5766555555555556,0.17592592592592593,0.23148148148148148,0.3519,0.317391
REP00176,557,0.8384201077199281,0.4883303411131059,0.39497307001795334,0.20287253141831238,0.28545780969479356,0.12926391382405744,0.20736983383295324,0.06976147730187227,0.19289594254937165,0.2894973070017953,75.89978456014363,0.0,0.5403324955116697,0.18850987432675045,0.20287253141831238,0.3501,0.284797
REP00003,533,0.8574108818011257,0.50093808630394,0.40337711069418386,0.16135084427767354,0.28330206378986866,0.10694183864915573,0.22352314963547468,0.07424283034039131,0.17874863039399624,0.2673545966228893,75.93191369606004,0.0,0.5095968105065666,0.17073170731707318,0.21388367729831145,0.3565,0.280088
REP00117,539,0.8181818181818182,0.46567717996289426,0.4155844155844156,0.17439703153988867,0.300556586270872,0.1261595547309833,0.1937746760543654,0.07209117413199045,0.1702988497217069,0.28923933209647495,75.95397031539889,0.0,0.521716883116883,0.14656771799628943,0.23376623376623376,0.3525,0.301587
REP00035,535,0.8523364485981308,0.497196261682243,0.4130841121495327,0.14205607476635515,0.29158878504672897,0.14205607476635515,0.20790260094227617,0.07476635514018691,0.1711343925233645,0.27271028037383177,75.99816822429906,0.0,0.4224943925233645,0.1925233644859813,0.2130841121495327,0.3551,0.289474
REP00090,542,0.8431734317343174,0.492619926199262,0.3948339483394834,0.15313653136531366,0.3173431734317343,0.16789667896678967,0.18618852192532442,0.07643647865050078,0.20796874538745388,0.287730627306273,76.00249077490774,0.0,0.6620761992619926,0.16789667896678967,0.24354243542435425,0.3506,0.317287
REP00047,529,0.8544423440453687,0.48015122873345933,0.41776937618147447,0.17391304347826086,0.31001890359168244,0.12098298676748583,0.21770394492951595,0.07048339184445045,0.13691769376181476,0.2848771266540642,76.04066162570889,0.0,0.30604404536862,0.16824196597353497,0.21928166351606806,0.3743,0.29646
REP00230,528,0.8465909090909091,0.5,0.4015151515151515,0.1571969696969697,0.32007575757575757,0.13636363636363635,0.21609033902976518,0.07061688311688312,0.17193655303030303,0.2792613636363636,76.06348484848485,0.0,0.5059895833333333,0.1571969696969697,0.20643939393939395,0.3466,0.326622
REP00101,539,0.8348794063079777,0.5009276437847866,0.39517625231910947,0.18552875695732837,0.30612244897959184,0.16512059369202226,0.17737862702936774,0.07129605088788761,0.212380853432282,0.29257884972170684,76.10990723562152,0.0,0.7363012987012987,0.14471243042671614,0.24675324675324675,0.334,0.311111
REP00217,574,0.8310104529616724,0.47038327526132406,0.41289198606271776,0.16376306620209058,0.32578397212543553,0.12369337979094076,0.20151402702243987,0.07665505226480836,0.14790477351916376,0.28780487804878047,76.13956445993031,0.0,0.35145766550522645,0.17247386759581881,0.23693379790940766,0.3606,0.322851
REP00056,518,0.833976833976834,0.4922779922779923,0.38996138996138996,0.19884169884169883,0.29343629343629346,0.13127413127413126,0.1889646872725005,0.07418643132928847,0.19962752895752897,0.2888030888030888,76.21752895752896,0.0,0.6289291505791506,0.1640926640926641,0.2277992277992278,0.3417,0.305556
REP00083,492,0.8313008130081301,0.49796747967479676,0.3821138211382114,0.17073170731707318,0.3150406504065041,0.14227642276422764,0.20719799845143425,0.07288037166085946,0.19564272357723578,0.2846544715447154,76.21766260162602,0.0,0.5986404471544716,0.16869918699186992,0.20934959349593496,0.3333,0.317848
REP00134,556,0.8561151079136691,0.5179856115107914,0.37589928057553956,0.16007194244604317,0.3381294964028777,0.1366906474820144,0.20713977183882998,0.07451181911613565,0.21320719424460433,0.27751798561151075,76.22124100719425,0.0,0.6249388489208634,0.1960431654676259,0.22482014388489208,0.3381,0.342437
REP00241,524,0.833969465648855,0.49236641221374045,0.4122137404580153,0.1717557251908397,0.34923664122137404,0.1316793893129771,0.18746006402610166,0.06870229007633588,0.170713893129771,0.28912213740458015,76.22835877862596,0.0,0.5100580152671755,0.15267175572519084,0.22519083969465647,0.3416,0.356979
REP00147,571,0.830122591943958,0.500875656742557,0.4010507880910683,0.15761821366024517,0.31523642732049034,0.1330998248686515,0.20429767953451242,0.0720540405303978,0.17710725043782838,0.2775831873905429,76.23830122591944,0.0,0.48360980735551656,0.1786339754816112,0.22066549912434325,0.3292,0.318565
REP00065,571,0.8283712784588442,0.4851138353765324,0.4010507880910683,0.15761821366024517,0.29422066549912435,0.1295971978984238,0.22973389686714535,0.06104578433825369,0.15586353765323993,0.27828371278458847,76.25448336252188,0.0,0.47984308231173384,0.1330998248686515,0.19089316987740806,0.3433,0.298097
REP00058,564,0.8546099290780141,0.49113475177304966,0.40425531914893614,0.16312056737588654,0.2641843971631206,0.12943262411347517,0.19352981977832504,0.07446808510638298,0.18673656028368796,0.2735815602836879,76.26097517730497,0.0,0.5347466312056738,0.1773049645390071,0.225177304964539,0.3635,0.280083
REP00245,518,0.803088803088803,0.4768339768339768,0.38996138996138996,0.1640926640926641,0.30694980694980695,0.13320463320463322,0.22151961959139665,0.07004964147821291,0.16177884169884169,0.28552123552123554,76.2823166023166,0.0,0.4092803088803089,0.1776061776061776,0.1969111969111969,0.3263,0.317308
REP00204,534,0.8614232209737828,0.4812734082397004,0.41947565543071164,0.16292134831460675,0.3146067415730337,0.11423220973782772,0.1826648047397772,0.07597645799892991,0.1618159550561798,0.2802434456928839,76.30805243445693,0.0,0.40037191011235956,0.18164794007490637,0.24906367041198502,0.3801,0.313043
REP00161,513,0.8576998050682261,0.49707602339181284,0.4191033138401559,0.15204678362573099,0.3060428849902534,0.1286549707602339,0.18885737640320407,0.0732386521860206,0.1641352046783626,0.2745614035087719,76.32729044834308,0.0,0.4040093567251462,0.18518518518518517,0.23391812865497075,0.3606,0.311364
REP00130,524,0.8358778625954199,0.49809160305343514,0.3893129770992366,0.16221374045801526,0.30725190839694655,0.14885496183206107,0.19792190901142434,0.0727917121046892,0.191547786259542,0.2825381679389313,76.32895038167939,0.0,0.5712885496183205,0.1717557251908397,0.22328244274809161,0.3378,0.305936
REP00001,520,0.8730769230769231,0.5153846153846153,0.40576923076923077,0.13846153846153847,0.34615384615384615,0.15,0.19715090714728076,0.07417582417582418,0.17103596153846154,0.2763461538461538,76.33686538461538,0.0,0.4527759615384616,0.17884615384615385,0.22692307692307692,0.3577,0.34141
REP00109,542,0.8394833948339483,0.5129151291512916,0.3948339483394834,0.15498154981549817,0.3081180811808118,0.15682656826568267,0.21578211617804607,0.06536636794939377,0.17359719557195571,0.2780442804428044,76.34132841328413,0.0,0.5234287822878229,0.15313653136531366,0.1974169741697417,0.3266,0.327473
REP00163,491,0.8370672097759674,0.5091649694501018,0.3971486761710794,0.164969450101833,0.31771894093686354,0.13441955193482688,0.20398870971029692,0.07739307535641547,0.16894566191446028,0.2780040733197556,76.34947046843176,0.0,0.427722199592668,0.18533604887983707,0.23217922606924643,0.3279,0.309002
REP00166,572,0.8496503496503497,0.5087412587412588,0.38636363636363635,0.16258741258741258,0.3094405594405594,0.14160839160839161,0.2192114525321626,0.07067932067932067,0.173521013986014,0.27797202797202797,76.38117132867133,0.0,0.486049125874126,0.16958041958041958,0.2062937062937063,0.3409,0.312757
REP00110,567,0.8483245149911817,0.5026455026455027,0.4021164021164021,0.1728395061728395,0.32098765432098764,0.15343915343915343,0.20893113900907798,0.06500377928949357,0.15523012345679013,0.2875661375661375,76.38873015873017,0.0,0.45075379188712517,0.14462081128747795,0.19223985890652556,0.3457,0.322245
REP00069,538,0.8271375464684015,0.4962825278810409,0.3847583643122677,0.1821561338289963,0.30855018587360594,0.13011152416356878,0.22347114417615893,0.07275624004248539,0.1562011152416357,0.2845724907063197,76.42197026022305,0.0,0.4046115241635687,0.16728624535315986,0.21561338289962825,0.3309,0.319101
REP00022,532,0.8665413533834586,0.5150375939849624,0.39849624060150374,0.14849624060150377,0.32142857142857145,0.13533834586466165,0.19991143464208358,0.06847475832438238,0.18546203007518797,0.27208646616541354,76.4459962406015,0.0,0.5805056390977443,0.15413533834586465,0.22180451127819548,0.3515,0.314534
REP00036,526,0.844106463878327,0.5019011406844106,0.4011406844106464,0.17680608365019013,0.3231939163498099,0.12737642585551331,0.20087019625481398,0.07767517653449212,0.1498978326996198,0.28279467680608367,76.49642585551331,0.0,0.35167547528517107,0.17680608365019013,0.24334600760456274,0.3422,0.337838
REP00213,527,0.8481973434535104,0.47438330170777987,0.4269449715370019,0.1252371916508539,0.2922201138519924,0.127134724857685,0.1812259684485875,0.07725670913526701,0.14947567362428843,0.2708728652751423,76.49700189753321,0.0,0.3588584440227704,0.17267552182163187,0.25806451612903225,0.3738,0.295302
REP00200,549,0.8670309653916212,0.5027322404371585,0.4098360655737705,0.15300546448087432,0.29690346083788705,0.11657559198542805,0.188696458516572,0.08248763986468904,0.16320134790528235,0.2687613843351548,76.50732240437158,0.0,0.4102690346083788,0.18032786885245902,0.26229508196721313,0.3643,0.294118
REP00214,476,0.842436974789916,0.47689075630252103,0.41386554621848737,0.16176470588235295,0.31092436974789917,0.1407563025210084,0.17731085385798429,0.07082833133253301,0.1614740336134454,0.28728991596638653,76.5226050420168,0.0,0.45758025210084036,0.15546218487394958,0.226890756302521,0.3655,0.301746
REP00184,498,0.8433734939759037,0.4939759036144578,0.40763052208835343,0.142570281124498,0.3293172690763052,0.1144578313253012,0.1927614620626051,0.07228915662650602,0.16772084337349397,0.27259036144578314,76.5404016064257,0.0,0.4545680722891567,0.1706827309236948,0.23694779116465864,0.3494,0.342857
REP00073,569,0.8717047451669596,0.507908611599297,0.3989455184534271,0.18101933216168717,0.27943760984182775,0.11775043936731107,0.209132539720075,0.06628169721315591,0.16737289982425307,0.273286467486819,76.5419683655536,0.0,0.4770226713532513,0.15992970123022848,0.19859402460456943,0.3638,0.288306
REP00225,564,0.8457446808510638,0.48226950354609927,0.41134751773049644,0.15780141843971632,0.28900709219858156,0.12588652482269502,0.21002327982728206,0.06813576494427558,0.13684843971631205,0.2774822695035461,76.55065602836879,0.0,0.3251996453900709,0.1595744680851064,0.2074468085106383,0.3635,0.280922
REP00054,517,0.8220502901353965,0.4661508704061896,0.40618955512572535,0.16827852998065765,0.29593810444874274,0.13539651837524178,0.19174673244893142,0.06963249516441006,0.15244092843326887,0.2888781431334623,76.55344294003868,0.0,0.4314502901353965,0.1470019342359768,0.2263056092843327,0.3559,0.28
REP00156,564,0.8333333333333334,0.48226950354609927,0.3971631205673759,0.16134751773049646,0.30141843971631205,0.12943262411347517,0.21233670883846031,0.06914893617021277,0.15039510638297873,0.28129432624113476,76.55929078014185,0.0,0.3650074468085106,0.17198581560283688,0.2127659574468085,0.3511,0.304255
REP00172,582,0.8230240549828178,0.5085910652920962,0.37628865979381443,0.16494845360824742,0.3230240549828179,0.12714776632302405,0.22018850597695575,0.07191948944526264,0.1765403436426117,0.277147766323024,76.55963917525773,0.0,0.43424810996563573,0.19931271477663232,0.21649484536082475,0.3144,0.325678
REP00242,534,0.8389513108614233,0.50187265917603,0.3913857677902622,0.1441947565543071,0.3146067415730337,0.14232209737827714,0.18381419179358052,0.07142857142857142,0.20123917602996255,0.2754681647940075,76.58260299625468,0.0,0.6101284644194755,0.1760299625468165,0.2153558052434457,0.3371,0.323661
REP00124,578,0.8356401384083045,0.49653979238754326,0.3944636678200692,0.14878892733564014,0.3079584775086505,0.14013840830449828,0.1922629424692873,0.07390014829461196,0.178941660899654,0.2769031141868512,76.59318339100346,0.0,0.4937567474048443,0.1782006920415225,0.2179930795847751,0.3391,0.289855
REP00014,519,0.8535645472061657,0.4797687861271676,0.42003853564547206,0.1579961464354528,0.3217726396917148,0.10404624277456648,0.1863046893588833,0.07459399944949079,0.14138770712909443,0.2777456647398844,76.60531791907515,0.0,0.3471119460500963,0.1599229287090559,0.24470134874759153,0.3738,0.297968
REP00243,488,0.860655737704918,0.5122950819672131,0.39139344262295084,0.14959016393442623,0.3114754098360656,0.12295081967213115,0.19294075926517698,0.07142857142857142,0.19656881147540983,0.26864754098360655,76.60629098360656,0.0,0.6186022540983607,0.16188524590163936,0.22131147540983606,0.3484,0.314286
REP00075,531,0.839924670433145,0.5160075329566854,0.3879472693032015,0.15065913370998116,0.2994350282485876,0.1544256120527307,0.20154948613339788,0.06994888350820554,0.1857579284369115,0.2739171374764595,76.60681732580038,0.0,0.5686201506591337,0.160075329566855,0.21657250470809794,0.3239,0.298206
REP00231,538,0.8494423791821561,0.516728624535316,0.40148698884758366,0.15055762081784388,0.28810408921933084,0.14684014869888476,0.20115608646508956,0.06956983536909186,0.16885624535315985,0.2700743494423791,76.61395910780669,0.0,0.4469763940520446,0.17657992565055763,0.22304832713754646,0.3327,0.293217
REP00016,547,0.8628884826325411,0.5283363802559415,0.3857404021937843,0.1663619744058501,0.2961608775137112,0.15173674588665448,0.2038668059473843,0.06790284669626534,0.1886653382084095,0.27376599634369286,76.61585009140768,0.0,0.5895789762340037,0.15722120658135283,0.1956124314442413,0.3346,0.288136
REP00249,506,0.8458498023715415,0.49604743083003955,0.40118577075098816,0.15612648221343872,0.31225296442687744,0.116600790513834,0.20861007492464892,0.06606437041219648,0.15869,0.2740118577075099,76.61630434782609,0.0,0.4243788537549407,0.16403162055335968,0.20948616600790515,0.3498,0.306075
REP00071,548,0.843065693430657,0.4908759124087591,0.40875912408759124,0.145985401459854,0.3083941605839416,0.13686131386861314,0.18815381972810444,0.07377476538060479,0.1589635766423358,0.27700729927007295,76.61793795620437,0.0,0.400657299270073,0.17518248175182483,0.2281021897810219,0.3522,0.313853
REP00248,539,0.8311688311688312,0.4972170686456401,0.3784786641929499,0.20222634508348794,0.3116883116883117,0.11873840445269017,0.1983161097665714,0.0728862973760933,0.17973120593692024,0.28794063079777366,76.65903525046383,0.0,0.5104371057513915,0.1725417439703154,0.2077922077922078,0.334,0.303571
REP00096,555,0.8396396396396396,0.5063063063063064,0.38738738738738737,0.1837837837837838,0.31351351351351353,0.0972972972972973,0.20786901963098042,0.06975546975546976,0.17350522522522524,0.2745945945945946,76.66855855855856,0.0,0.48239099099099103,0.17117117117117117,0.21981981981981982,0.3333,0.315451
REP00138,529,0.8544423440453687,0.5179584120982986,0.3988657844990548,0.15689981096408318,0.28733459357277885,0.13610586011342155,0.2012707697101156,0.06967323791520388,0.17070412098298676,0.26880907372400753,76.67270321361059,0.0,0.49198941398865775,0.16068052930056712,0.2060491493383743,0.3365,0.283186
REP00015,544,0.8308823529411765,0.4944852941176471,0.38786764705882354,0.17830882352941177,0.2757352941176471,0.13786764705882354,0.2177051618869009,0.06906512605042016,0.15168202205882353,0.2809742647058823,76.67306985294118,0.0,0.402711580882353,0.15808823529411764,0.2113970588235294,0.3364,0.263274
REP00187,544,0.8658088235294118,0.5238970588235294,0.38786764705882354,0.16911764705882354,0.2922794117647059,0.1213235294117647,0.2129581556937173,0.06748949579831932,0.17683922794117649,0.2677389705882353,76.68707720588235,0.0,0.5202255514705882,0.16176470588235295,0.20588235294117646,0.3419,0.278132
REP00006,534,0.8689138576779026,0.5131086142322098,0.40074906367041196,0.149812734082397,0.29775280898876405,0.12734082397003746,0.20002872124049964,0.07463884430176565,0.1633287265917603,0.26750936329588015,76.68786516853933,0.0,0.41636273408239705,0.17790262172284643,0.23595505617977527,0.3558,0.299569
REP00208,547,0.8537477148080439,0.5137111517367459,0.3820840950639854,0.16270566727605118,0.3162705667276051,0.14625228519195613,0.2093562198394542,0.07312614259597806,0.16907882998171847,0.2787020109689214,76.68806215722121,0.0,0.4546263254113346,0.1736745886654479,0.21937842778793418,0.34,0.30621
REP00010,526,0.8307984790874525,0.5171102661596958,0.3935361216730038,0.14638783269961977,0.31368821292775667,0.1596958174904943,0.18620731614081498,0.07170016295491581,0.18553262357414452,0.2757604562737642,76.70522813688213,0.0,0.5298494296577946,0.17680608365019013,0.2300380228136882,0.3137,0.315789
REP00215,574,0.8536585365853658,0.5139372822299652,0.3902439024390244,0.15853658536585366,0.3170731707317073,0.13414634146341464,0.20080895976885696,0.06694873071179691,0.1786525087108014,0.2744773519163763,76.71942508710801,0.0,0.5639942508710801,0.14634146341463414,0.21080139372822299,0.3397,0.320408
REP00086,531,0.8305084745762712,0.4934086629001883,0.3860640301318267,0.15065913370998116,0.3050847457627119,0.13559322033898305,0.20990479186490069,0.06725854183481303,0.16724500941619586,0.2768361581920904,76.75966101694915,0.0,0.5014792843691149,0.1487758945386064,0.20903954802259886,0.3371,0.29932
REP00032,526,0.8479087452471483,0.5209125475285171,0.38783269961977185,0.17110266159695817,0.2832699619771863,0.15019011406844107,0.21870742073349514,0.062466051059206947,0.1605880988593156,0.2750950570342205,76.76994296577946,0.0,0.44790247148288975,0.15779467680608364,0.18250950570342206,0.327,0.282511
REP00126,531,0.8342749529190208,0.4764595103578154,0.4030131826741996,0.1657250470809793,0.2768361581920904,0.1713747645951036,0.1878176227959445,0.07425343018563356,0.13869709981167608,0.2911487758945386,76.77960451977401,0.0,0.3460278719397364,0.1544256120527307,0.2222222222222222,0.3578,0.273138
REP00144,522,0.8333333333333334,0.4885057471264368,0.40229885057471265,0.1417624521072797,0.2777777777777778,0.1360153256704981,0.2042482779131374,0.06540777230432403,0.15572570881226053,0.27164750957854406,76.7802490421456,0.0,0.42949061302681985,0.15517241379310345,0.19348659003831417,0.3448,0.273563
REP00042,525,0.8457142857142858,0.5142857142857142,0.38476190476190475,0.1657142857142857,0.2838095238095238,0.12571428571428572,0.19420124553223303,0.07755102040816327,0.18503695238095239,0.2694285714285714,76.78182857142858,0.0,0.492327619047619,0.19238095238095237,0.22476190476190477,0.3314,0.279279
REP00194,528,0.8333333333333334,0.4981060606060606,0.3939393939393939,0.1553030303030303,0.2916666666666667,0.13257575757575757,0.22165200179731254,0.06033549783549783,0.14989886363636365,0.2740530303030303,76.78214015151515,0.0,0.42136931818181816,0.14583333333333334,0.1856060606060606,0.3352,0.290909
REP00121,528,0.8522727272727273,0.5265151515151515,0.38446969696969696,0.16477272727272727,0.29924242424242425,0.14204545454545456,0.19220668356468285,0.07738095238095237,0.18421034090909094,0.271875,76.79600378787879,0.0,0.5417903409090908,0.16856060606060605,0.23863636363636365,0.3258,0.304444
REP00074,524,0.851145038167939,0.5057251908396947,0.3893129770992366,0.15648854961832062,0.2958015267175573,0.14122137404580154,0.19376439834372028,0.0722464558342421,0.17549954198473283,0.2749045801526717,76.81645038167939,0.0,0.5082229007633589,0.16412213740458015,0.21755725190839695,0.3454,0.286996
REP00199,510,0.8098039215686275,0.4725490196078431,0.39019607843137255,0.1803921568627451,0.3176470588235294,0.12352941176470589,0.19993744839469504,0.06302521008403361,0.15379392156862745,0.2908823529411765,76.86149019607844,0.0,0.4336754901960785,0.14901960784313725,0.1843137254901961,0.3373,0.302663
REP00250,538,0.8401486988847584,0.49256505576208176,0.3996282527881041,0.1579925650557621,0.2695167286245353,0.15613382899628253,0.18873883168209363,0.06718003186404672,0.1603789219330855,0.279089219330855,76.90349442379183,0.0,0.4213184014869889,0.1691449814126394,0.20074349442379183,0.3476,0.25885
REP00129,515,0.8330097087378641,0.516504854368932,0.37475728155339805,0.17281553398058253,0.31844660194174756,0.13980582524271845,0.2039636492561461,0.07295423023578362,0.17284504854368934,0.2796116504854369,76.90759223300971,0.0,0.49723495145631075,0.16310679611650486,0.20388349514563106,0.3165,0.312354
REP00066,509,0.8388998035363457,0.5147347740667977,0.3988212180746562,0.15913555992141454,0.2868369351669941,0.11394891944990176,0.198953815941184,0.07213022733651417,0.16004518664047152,0.26483300589390957,76.91037328094302,0.0,0.4200687622789784,0.16895874263261296,0.22789783889980353,0.3242,0.283372
REP00112,556,0.8489208633093526,0.49460431654676257,0.40827338129496404,0.1618705035971223,0.2607913669064748,0.14388489208633093,0.18697793759249542,0.0683453237410072,0.15124805755395684,0.27526978417266185,76.91257194244604,0.0,0.39607841726618703,0.16007194244604317,0.2068345323741007,0.3543,0.254237
REP00227,535,0.8448598130841122,0.4897196261682243,0.4074766355140187,0.15327102803738318,0.30280373831775703,0.1102803738317757,0.17955303662631947,0.07743658210947929,0.15385644859813086,0.2720560747663551,76.92456074766355,0.0,0.3655439252336449,0.17943925233644858,0.24299065420560748,0.3551,0.307522
REP00057,524,0.8473282442748091,0.4770992366412214,0.41030534351145037,0.15839694656488548,0.3015267175572519,0.10687022900763359,0.173811371849145,0.07360959651035986,0.1560507251908397,0.2763358778625954,76.92650763358779,0.0,0.41097881679389314,0.16412213740458015,0.2366412213740458,0.3702,0.301802
REP00246,543,0.8360957642725598,0.5138121546961326,0.39226519337016574,0.1731123388581952,0.3020257826887661,0.1252302025782689,0.1932499820249516,0.07445409102867666,0.16121738489871087,0.27440147329650094,76.9333517495396,0.0,0.45802062615101286,0.15469613259668508,0.24861878453038674,0.3223,0.306167
REP00085,559,0.8318425760286225,0.4919499105545617,0.3935599284436494,0.18425760286225404,0.28622540250447226,0.12880143112701253,0.19587156254831242,0.06312292358803986,0.15936948121645797,0.28282647584973164,76.93397137745974,0.0,0.45874364937388196,0.15026833631484796,0.19141323792486584,0.3399,0.286022
REP00025,554,0.8339350180505415,0.516245487364621,0.37545126353790614,0.18592057761732853,0.315884476534296,0.14259927797833935,0.1977189639660457,0.0706549767921609,0.17496563176895308,0.2839350180505415,76.94294223826715,0.0,0.4849364620938629,0.17328519855595667,0.2111913357400722,0.3177,0.320346
REP00201,545,0.818348623853211,0.5100917431192661,0.3724770642201835,0.15229357798165138,0.3174311926605505,0.12660550458715597,0.21891258706567365,0.06867627785058977,0.16932422018348625,0.27192660550458714,76.9580366972477,0.0,0.47918990825688074,0.163302752293578,0.22018348623853212,0.3083,0.302691
REP00082,585,0.8239316239316239,0.49914529914529915,0.37948717948717947,0.17777777777777778,0.30256410256410254,0.13846153846153847,0.19591862387613032,0.07228327228327228,0.1677591452991453,0.2835897435897436,76.96066666666667,0.0,0.47341111111111117,0.1623931623931624,0.2188034188034188,0.3248,0.304979
REP00142,527,0.8690702087286527,0.5275142314990512,0.3870967741935484,0.1347248576850095,0.3092979127134725,0.13282732447817835,0.21297004921917262,0.06560043372187584,0.16862584440227704,0.2617647058823529,76.98643263757116,0.0,0.5015732447817838,0.15180265654648956,0.21062618595825428,0.3416,0.318777
REP00004,527,0.8500948766603416,0.4952561669829222,0.40417457305502846,0.15370018975332067,0.269449715370019,0.11954459203036052,0.19443627129432461,0.06532935754947139,0.1570950284629981,0.2678368121442125,76.98703984819734,0.0,0.3969552182163188,0.17267552182163187,0.19165085388994307,0.3548,0.256696
REP00131,550,0.8636363636363636,0.509090909090909,0.4036363636363636,0.16363636363636364,0.30727272727272725,0.1290909090909091,0.16897804450323445,0.07402597402597402,0.17106709090909092,0.2747272727272727,76.98845454545454,0.0,0.46669909090909095,0.17272727272727273,0.24909090909090909,0.3545,0.296842
REP00189,515,0.8252427184466019,0.5029126213592233,0.38058252427184464,0.15922330097087378,0.27184466019417475,0.1378640776699029,0.20262651328302006,0.06879334257975034,0.1745685436893204,0.2721359223300971,76.99549514563107,0.0,0.510221359223301,0.16116504854368932,0.20388349514563106,0.3223,0.270588
REP00160,541,0.8595194085027726,0.5064695009242144,0.39371534195933455,0.1589648798521257,0.29944547134935307,0.11645101663585952,0.1993660723162415,0.07076841827303934,0.1566988909426987,0.2697781885397412,77.0083548983364,0.0,0.4091876155268022,0.16635859519408502,0.2199630314232902,0.353,0.298925
REP00223,510,0.8745098039215686,0.5235294117647059,0.3941176470588235,0.1568627450980392,0.2647058823529412,0.12941176470588237,0.20523211121994836,0.06862745098039216,0.15872901960784314,0.2620588235294118,77.04760784313726,0.0,0.4230568627450981,0.16470588235294117,0.19607843137254902,0.351,0.262332
REP00247,499,0.8356713426853707,0.5170340681362725,0.39478957915831664,0.17635270541082165,0.280561122244489,0.12224448897795591,0.18946402442411325,0.06985399370168908,0.16541783567134272,0.27044088176352704,77.0538877755511,0.0,0.4348046092184369,0.1743486973947896,0.21442885771543085,0.3186,0.311751
REP00219,543,0.850828729281768,0.5267034990791897,0.3812154696132597,0.1731123388581952,0.3001841620626151,0.12338858195211787,0.1931226767048199,0.0718232044198895,0.18132313075506445,0.26979742173112337,77.05499079189687,0.0,0.5502620626151012,0.15837937384898712,0.20441988950276244,0.3241,0.30303
REP00019,522,0.8544061302681992,0.5363984674329502,0.36973180076628354,0.18007662835249041,0.29118773946360155,0.12452107279693486,0.20174274834569536,0.06787082649151614,0.19573931034482758,0.267911877394636,77.07011494252873,0.0,0.6166275862068965,0.16091954022988506,0.210727969348659,0.318,0.300448
REP00174,530,0.839622641509434,0.5075471698113208,0.37358490566037733,0.17169811320754716,0.2830188679245283,0.15283018867924528,0.19460661876600377,0.06819407008086252,0.18235377358490568,0.2799056603773585,77.07101886792452,0.0,0.5381839622641509,0.1660377358490566,0.21320754716981133,0.3321,0.280899
REP00061,526,0.8460076045627376,0.5133079847908745,0.3840304182509506,0.1596958174904943,0.2718631178707224,0.15019011406844107,0.19361363546230176,0.06844106463878327,0.1738890114068441,0.2722433460076045,77.10492395437262,0.0,0.5229621673003803,0.15399239543726237,0.21482889733840305,0.3327,0.274157
REP00135,585,0.841025641025641,0.4905982905982906,0.4,0.1623931623931624,0.28547008547008546,0.12307692307692308,0.16739940970908085,0.07496947496947497,0.1687760683760684,0.2751282051282051,77.11851282051282,0.0,0.5092649572649572,0.14871794871794872,0.24444444444444444,0.3504,0.276423
REP00178,477,0.8448637316561844,0.5555555555555556,0.36268343815513626,0.18448637316561844,0.3018867924528302,0.16771488469601678,0.19753825532694094,0.06708595387840671,0.20012348008385744,0.2758909853249476,77.12079664570231,0.0,0.6138249475890984,0.1719077568134172,0.18867924528301888,0.2893,0.282878
REP00123,556,0.8579136690647482,0.5089928057553957,0.39748201438848924,0.1618705035971223,0.29136690647482016,0.10611510791366907,0.21122068545154268,0.0670606372045221,0.1366704676258993,0.26609712230215826,77.12543165467626,0.0,0.3272372302158273,0.15827338129496402,0.210431654676259,0.3489,0.293501
REP00183,566,0.8268551236749117,0.5212014134275619,0.36395759717314485,0.17314487632508835,0.33568904593639576,0.11484098939929328,0.196403548031521,0.06789500252397777,0.19878038869257952,0.2746466431095406,77.14049469964664,0.0,0.6599796819787985,0.14840989399293286,0.21731448763250882,0.3057,0.326923
REP00197,527,0.8462998102466793,0.5199240986717267,0.3738140417457306,0.16888045540796964,0.2713472485768501,0.14231499051233396,0.21421363921279132,0.06532935754947139,0.16681134724857685,0.27096774193548384,77.14223908918406,0.0,0.5181174573055028,0.14041745730550284,0.20113851992409867,0.3264,0.262332
REP00164,531,0.8549905838041432,0.5065913370998116,0.4030131826741996,0.1337099811676083,0.3088512241054614,0.1431261770244821,0.16983072449543926,0.07263922518159806,0.1685114877589454,0.2702448210922787,77.14278719397363,0.0,0.440015065913371,0.17890772128060264,0.22598870056497175,0.3484,0.314978
REP00195,543,0.8176795580110497,0.5046040515653776,0.3738489871086556,0.16574585635359115,0.292817679558011,0.1289134438305709,0.2106803906834482,0.06524598789792159,0.16481193370165745,0.2744935543278084,77.1732596685083,0.0,0.45527513812154696,0.16390423572744015,0.20257826887661143,0.3131,0.290541
REP00107,540,0.8444444444444444,0.5203703703703704,0.37222222222222223,0.18888888888888888,0.3055555555555556,0.13333333333333333,0.19265253560609882,0.06825396825396825,0.1801990740740741,0.2797222222222222,77.1790925925926,0.0,0.5301620370370371,0.1648148148148148,0.1962962962962963,0.3241,0.298246
REP00148,552,0.8586956521739131,0.532608695652174,0.3804347826086957,0.15942028985507245,0.3061594202898551,0.12681159420289856,0.18168787619375582,0.06909937888198757,0.19842967391304348,0.26567028985507246,77.18351449275363,0.0,0.6212244565217392,0.16485507246376813,0.22644927536231885,0.3261,0.291139
REP00141,523,0.8355640535372849,0.502868068833652,0.3938814531548757,0.14149139579349904,0.2887189292543021,0.11663479923518165,0.17825737913477774,0.07538923791313848,0.17431942638623327,0.26405353728489483,77.18401529636711,0.0,0.45859521988527724,0.1835564053537285,0.248565965583174,0.3327,0.2746
REP00220,517,0.8413926499032882,0.4912959381044487,0.38878143133462284,0.13539651837524178,0.3036750483558994,0.13152804642166344,0.18498908881967066,0.07515888366952196,0.16325125725338493,0.27166344294003864,77.19564796905223,0.0,0.43762959381044486,0.16827852998065765,0.23597678916827852,0.3501,0.31954
REP00051,550,0.8490909090909091,0.5127272727272727,0.39090909090909093,0.14545454545454545,0.2872727272727273,0.14545454545454545,0.1968511398404157,0.07142857142857142,0.15169163636363636,0.2692727272727273,77.20087272727274,0.0,0.3780036363636363,0.1690909090909091,0.21454545454545454,0.3364,0.289079
REP00196,519,0.8362235067437379,0.5279383429672447,0.37572254335260113,0.17533718689788053,0.3063583815028902,0.1233140655105973,0.19226470349506108,0.07046518029176989,0.18148928709055878,0.27100192678227364,77.2097302504817,0.0,0.5259435452793834,0.16955684007707128,0.21965317919075145,0.3083,0.324885
REP00210,499,0.8557114228456913,0.4789579158316633,0.4168336673346693,0.17835671342685372,0.30861723446893785,0.14228456913827656,0.15804507059728182,0.06727741196679073,0.1339617234468938,0.2916833667334669,77.22967935871743,0.0,0.3857404809619239,0.12625250501002003,0.23246492985971945,0.3768,0.295082
REP00211,551,0.8656987295825771,0.5372050816696915,0.38838475499092556,0.15789473684210525,0.29219600725952816,0.11433756805807622,0.18425199698550634,0.07389162561576355,0.18032206896551725,0.25862068965517243,77.25021778584393,0.0,0.48917840290381126,0.18330308529945555,0.22323049001814882,0.3285,0.293501
REP00093,547,0.8464351005484461,0.5356489945155393,0.3802559414990859,0.1736745886654479,0.27239488117001825,0.1316270566727605,0.19671171407118265,0.06685818751632279,0.17574438756855576,0.2651736745886654,77.28244972577697,0.0,0.5002941499085923,0.16819012797074953,0.20475319926873858,0.3108,0.269978
REP00021,519,0.8651252408477842,0.5240847784200385,0.3872832369942196,0.15414258188824662,0.31213872832369943,0.11368015414258188,0.20853819071156326,0.06496008808147537,0.15192181117533718,0.26425818882466284,77.28402697495183,0.0,0.41712350674373794,0.15221579961464354,0.20423892100192678,0.341,0.318486
REP00037,542,0.8265682656826568,0.5055350553505535,0.38191881918819187,0.16236162361623616,0.23247232472324722,0.12915129151291513,0.1993847645290065,0.06852925672113863,0.16773859778597786,0.26420664206642064,77.29369003690037,0.0,0.49828708487084866,0.15129151291512916,0.21033210332103322,0.321,0.232143
REP00040,532,0.8270676691729323,0.5150375939849624,0.37593984962406013,0.15789473684210525,0.31203007518796994,0.09962406015037593,0.20113912537133105,0.07035445757250268,0.17229124060150375,0.26456766917293234,77.29622180451128,0.0,0.4892757518796992,0.16541353383458646,0.2236842105263158,0.312,0.315909
REP00119,562,0.8540925266903915,0.5266903914590747,0.3790035587188612,0.13523131672597866,0.29537366548042704,0.12811387900355872,0.20294238933850556,0.06583629893238434,0.1777300355871886,0.25889679715302494,77.30544483985766,0.0,0.5043085409252669,0.1708185053380783,0.19217081850533807,0.3274,0.29375
REP00026,548,0.8448905109489051,0.5237226277372263,0.3740875912408759,0.15875912408759124,0.30474452554744524,0.10948905109489052,0.1993906839924744,0.07038581856100104,0.17809405109489052,0.26359489051094886,77.30894160583942,0.0,0.5127330291970803,0.1678832116788321,0.21350364963503649,0.3212,0.304536
REP00050,494,0.805668016194332,0.48582995951417,0.3825910931174089,0.16194331983805668,0.3299595141700405,0.14979757085020243,0.18773085666126416,0.07200694042799305,0.14165161943319837,0.2897773279352227,77.32016194331985,0.0,0.3347763157894737,0.1659919028340081,0.20850202429149797,0.3198,0.324121
REP00084,548,0.8448905109489051,0.5018248175182481,0.38503649635036497,0.1551094890510949,0.26277372262773724,0.145985401459854,0.18498936320296203,0.0732533889468196,0.16257423357664236,0.2718978102189781,77.33273722627737,0.0,0.43513394160583946,0.1678832116788321,0.23357664233576642,0.3431,0.265659
REP00152,508,0.8110236220472441,0.4881889763779528,0.38779527559055116,0.18110236220472442,0.28346456692913385,0.14173228346456693,0.17272809988753784,0.07086614173228346,0.15860354330708662,0.2858267716535433,77.33771653543306,0.0,0.42982874015748035,0.16141732283464566,0.23031496062992127,0.3228,0.279126
REP00136,523,0.8164435946462715,0.5086042065009561,0.3881453154875717,0.14149139579349904,0.2925430210325048,0.124282982791587,0.18173347159391293,0.07620868615132477,0.16631850860420652,0.26481835564053535,77.34632887189292,0.0,0.4573095602294455,0.16634799235181644,0.24282982791587,0.3078,0.283372
REP00080,537,0.8566108007448789,0.5195530726256983,0.3854748603351955,0.16573556797020483,0.2886405959031657,0.12849162011173185,0.18489073488852,0.07209364192604416,0.1652517690875233,0.26927374301675977,77.35908752327747,0.0,0.44078398510242084,0.1713221601489758,0.2085661080074488,0.3371,0.273913
REP00182,591,0.8138747884940778,0.5228426395939086,0.3688663282571912,0.15397631133671744,0.29780033840947545,0.11844331641285956,0.20249790808084006,0.06647328982354363,0.1844179695431472,0.2636209813874788,77.3602538071066,0.0,0.5642218274111676,0.15905245346869712,0.2131979695431472,0.291,0.293139
REP00095,511,0.8512720156555773,0.5146771037181996,0.38943248532289626,0.1506849315068493,0.2622309197651663,0.15851272015655576,0.19134093997346444,0.06905227844562482,0.1530787866927593,0.2697651663405088,77.36485322896283,0.0,0.3823215264187867,0.17025440313111545,0.19569471624266144,0.3366,0.262069
REP00212,523,0.8298279158699808,0.5086042065009561,0.367112810707457,0.16061185468451242,0.2829827915869981,0.14531548757170173,0.19866277995600432,0.070199399071292,0.17278982791586997,0.27437858508604207,77.36571701720841,0.0,0.4853640535372849,0.1682600382409178,0.21606118546845124,0.3212,0.294931
REP00052,556,0.8201438848920863,0.5089928057553957,0.3669064748201439,0.16906474820143885,0.26618705035971224,0.16546762589928057,0.192204776087595,0.0673175745118191,0.17893075539568346,0.2793165467625899,77.3665107913669,0.0,0.5183048561151079,0.1672661870503597,0.2068345323741007,0.3112,0.260965
REP00070,519,0.8362235067437379,0.5009633911368016,0.394990366088632,0.16955684007707128,0.3140655105973025,0.11368015414258188,0.18267946572809307,0.06881365262868153,0.14628870905587668,0.27610789980732175,77.37905587668594,0.0,0.3542759152215799,0.1676300578034682,0.21772639691714837,0.3353,0.313364
REP00041,564,0.8262411347517731,0.5159574468085106,0.36524822695035464,0.18617021276595744,0.30141843971631205,0.14361702127659576,0.1882597460463783,0.06914893617021277,0.17917,0.2821808510638298,77.38937943262411,0.0,0.544786170212766,0.15602836879432624,0.21631205673758866,0.3103,0.291845
REP00064,554,0.8411552346570397,0.516245487364621,0.37545126353790614,0.16787003610108303,0.27978339350180503,0.12093862815884476,0.2076830462574627,0.06936565239814337,0.1548442960288809,0.26768953068592055,77.39648014440434,0.0,0.42494350180505414,0.1552346570397112,0.21660649819494585,0.3249,0.2897
REP00068,514,0.8599221789883269,0.5291828793774319,0.3832684824902724,0.14202334630350194,0.2840466926070039,0.13813229571984437,0.18770691567179712,0.07198443579766536,0.17283194552529185,0.2609922178988327,77.41215953307393,0.0,0.5008328793774318,0.1614785992217899,0.22178988326848248,0.3307,0.280543
REP00127,520,0.8288461538461539,0.5153846153846153,0.37884615384615383,0.14423076923076922,0.3096153846153846,0.11346153846153846,0.19628999042303638,0.07417582417582418,0.1622325,0.26346153846153847,77.41699999999999,0.0,0.3914509615384616,0.18653846153846154,0.24615384615384617,0.3135,0.308585
REP00244,548,0.843065693430657,0.5255474452554745,0.3740875912408759,0.17518248175182483,0.29014598540145986,0.11313868613138686,0.2102418763110857,0.06256517205422314,0.16245937956204382,0.2666970802919708,77.42082116788322,0.0,0.49614726277372256,0.14051094890510948,0.19525547445255476,0.3175,0.294372
REP00235,533,0.8555347091932458,0.5290806754221389,0.3827392120075047,0.1425891181988743,0.300187617260788,0.12570356472795496,0.19784260218412464,0.0715625837577057,0.16058195121951221,0.2605065666041276,77.42448405253283,0.0,0.41032063789868667,0.17448405253283303,0.21388367729831145,0.3265,0.296053
REP00011,533,0.8686679174484052,0.5459662288930581,0.3621013133208255,0.15947467166979362,0.3452157598499062,0.12570356472795496,0.20024505983422286,0.07236665773251139,0.18083193245778612,0.2672607879924953,77.43763602251407,0.0,0.5326774859287055,0.1651031894934334,0.22889305816135083,0.3227,0.336933
REP00140,521,0.8522072936660269,0.5355086372360844,0.3666026871401152,0.1727447216890595,0.28982725527831094,0.1343570057581574,0.1969332934694966,0.07293666026871401,0.17551758157389635,0.2682341650671785,77.43996161228407,0.0,0.4327702495201535,0.19769673704414586,0.22264875239923224,0.3167,0.286036
REP00111,519,0.8323699421965318,0.5163776493256262,0.3872832369942196,0.1676300578034682,0.30828516377649323,0.14836223506743737,0.18426081578858783,0.06826314340765206,0.1492518689788054,0.27870905587668593,77.45447013487477,0.0,0.4211148362235067,0.14450867052023122,0.23121387283236994,0.316,0.321759
REP00012,542,0.8210332103321033,0.4981549815498155,0.38191881918819187,0.15867158671586715,0.3007380073800738,0.12546125461254612,0.20022532868829088,0.06773853452820243,0.1422828413284133,0.27463099630996307,77.46579335793358,0.0,0.3834621771217712,0.14575645756457564,0.23616236162361623,0.3229,0.289888
REP00104,545,0.8550458715596331,0.5394495412844037,0.3688073394495413,0.181651376146789,0.29908256880733947,0.11009174311926606,0.2029624703993772,0.06526867627785059,0.1755418348623853,0.265045871559633,77.48117431192661,0.0,0.5391770642201834,0.15045871559633028,0.1981651376146789,0.3156,0.291845
REP00186,536,0.8339552238805971,0.5261194029850746,0.36007462686567165,0.15671641791044777,0.31716417910447764,0.13432835820895522,0.17515501348040857,0.0738272921108742,0.20714985074626865,0.2703358208955224,77.50477611940298,0.0,0.6285664179104478,0.18097014925373134,0.208955223880597,0.3078,0.317673
REP00181,522,0.8218390804597702,0.48084291187739464,0.39272030651340994,0.15900383141762453,0.3045977011494253,0.09961685823754789,0.19334020830571688,0.06869184455391351,0.12978498084291187,0.2740421455938697,77.51383141762453,0.0,0.2997869731800766,0.15517241379310345,0.2049808429118774,0.341,0.30303
REP00122,511,0.8238747553816047,0.49706457925636005,0.38551859099804303,0.15264187866927592,0.28180039138943247,0.12915851272015655,0.17564831502305045,0.07380486441151804,0.1617746771037182,0.27123287671232876,77.52199608610567,0.0,0.43901037181996083,0.1643835616438356,0.24070450097847357,0.3268,0.27791
REP00034,545,0.8256880733944955,0.5211009174311927,0.3614678899082569,0.1889908256880734,0.28256880733944956,0.11926605504587157,0.20450594644842895,0.06317169069462647,0.17559633027522936,0.2725688073394495,77.5245504587156,0.0,0.5270642201834862,0.1559633027522936,0.1834862385321101,0.3046,0.271111
REP00028,550,0.84,0.54,0.36363636363636365,0.15636363636363637,0.31636363636363635,0.12363636363636364,0.20483691998784923,0.06415584415584416,0.1824049090909091,0.26327272727272727,77.52776363636363,0.0,0.5847518181818182,0.14545454545454545,0.21272727272727274,0.3,0.322511
REP00193,520,0.825,0.5173076923076924,0.37115384615384617,0.14807692307692308,0.29615384615384616,0.1519230769230769,0.19325815038352484,0.06648351648351648,0.17096115384615385,0.27163461538461536,77.52921153846154,0.0,0.49999807692307696,0.1576923076923077,0.19038461538461537,0.3077,0.284382
REP00118,535,0.8373831775700935,0.5196261682242991,0.37009345794392523,0.14018691588785046,0.2953271028037383,0.14579439252336449,0.19820975767109114,0.06889185580774365,0.16910859813084111,0.26691588785046727,77.53057943925234,0.0,0.49647757009345794,0.15514018691588785,0.21869158878504674,0.3178,0.296875
REP00024,510,0.8372549019607843,0.5431372549019607,0.3568627450980392,0.1588235294117647,0.3,0.12941176470588237,0.22036160753488182,0.06638655462184874,0.17042843137254904,0.2620588235294118,77.54599999999999,0.0,0.4992009803921569,0.1568627450980392,0.20392156862745098,0.2941,0.295082
REP00173,552,0.8405797101449275,0.4963768115942029,0.391304347826087,0.17391304347826086,0.3061594202898551,0.1105072463768116,0.203293450173779,0.06728778467908902,0.11475641304347826,0.2768115942028985,77.54809782608696,0.0,0.25177119565217393,0.1431159420289855,0.21557971014492755,0.3442,0.299569
REP00072,533,0.8630393996247655,0.5272045028142589,0.37523452157598497,0.150093808630394,0.27204502814258913,0.13696060037523453,0.18237797412301063,0.0715625837577057,0.18309677298311444,0.2619136960600375,77.555478424015,0.0,0.5228947467166978,0.17448405253283303,0.20825515947467166,0.3358,0.269565
REP00236,525,0.8266666666666667,0.5066666666666667,0.38666666666666666,0.15428571428571428,0.26285714285714284,0.16,0.166138551589276,0.07401360544217686,0.16517561904761907,0.2737142857142857,77.57847619047618,0.0,0.4701638095238095,0.1580952380952381,0.24571428571428572,0.32,0.267281
REP00234,582,0.8298969072164949,0.4948453608247423,0.38316151202749144,0.17869415807560138,0.3024054982817869,0.12199312714776632,0.1851332120031901,0.06799214531173293,0.14306103092783506,0.2810137457044673,77.59252577319587,0.0,0.3828309278350515,0.14776632302405499,0.218213058419244,0.3351,0.291925
REP00105,488,0.860655737704918,0.5307377049180327,0.38729508196721313,0.13934426229508196,0.3176229508196721,0.125,0.18368033289141023,0.06879391100702575,0.16293114754098362,0.26147540983606554,77.5946106557377,0.0,0.4319713114754099,0.17008196721311475,0.21106557377049182,0.3299,0.319048
REP00198,500,0.856,0.536,0.382,0.172,0.3,0.104,0.18743657695324603,0.07514285714285714,0.1534972,0.26180000000000003,77.65978,0.0,0.398486,0.164,0.232,0.32,0.306075
REP00020,535,0.8299065420560747,0.5158878504672897,0.36261682242990656,0.1383177570093458,0.29906542056074764,0.13644859813084112,0.2036948031439783,0.06755674232309745,0.1687914018691589,0.2657009345794393,77.66355140186916,0.0,0.5159196261682243,0.14579439252336449,0.20373831775700935,0.314,0.29955
REP00044,550,0.8272727272727273,0.5145454545454545,0.3690909090909091,0.18545454545454546,0.2781818181818182,0.13272727272727272,0.19914899388703647,0.06831168831168831,0.14853854545454545,0.2761818181818182,77.67194545454545,0.0,0.38269272727272724,0.16,0.2,0.3127,0.272527
REP00062,520,0.8211538461538461,0.5115384615384615,0.36730769230769234,0.16346153846153846,0.3057692307692308,0.13653846153846153,0.20559559984008605,0.0651098901098901,0.14634,0.27557692307692305,77.6965,0.0,0.34660384615384615,0.17115384615384616,0.19807692307692307,0.3096,0.306792
REP00116,515,0.8310679611650486,0.5048543689320388,0.37087378640776697,0.1825242718446602,0.29514563106796116,0.13980582524271845,0.19723262568873093,0.06712898751733702,0.13877514563106796,0.28252427184466017,77.70899029126213,0.0,0.33999223300970877,0.15728155339805824,0.20194174757281552,0.3262,0.285047
REP00222,565,0.8495575221238938,0.536283185840708,0.3787610619469027,0.1433628318584071,0.30973451327433627,0.09734513274336283,0.18880942245810317,0.07054361567635903,0.171269203539823,0.2529203539823009,77.7164778761062,0.0,0.5059035398230088,0.15575221238938053,0.22300884955752212,0.3133,0.310417
REP00162,524,0.8282442748091603,0.5152671755725191,0.3797709923664122,0.1717557251908397,0.3148854961832061,0.1431297709923664,0.1908877009911602,0.062159214830970554,0.1403386259541985,0.27996183206106867,77.74059160305343,0.0,0.39682671755725196,0.13549618320610687,0.20038167938931298,0.313,0.301843
REP00221,507,0.8579881656804734,0.5108481262327417,0.39447731755424065,0.16370808678500987,0.23471400394477318,0.1242603550295858,0.18831665098429892,0.06677937447168215,0.13559120315581855,0.2621301775147929,77.7596449704142,0.0,0.3539915187376726,0.14398422090729784,0.21301775147928995,0.3471,0.234483
REP00076,512,0.857421875,0.53515625,0.384765625,0.16015625,0.291015625,0.12109375,0.1641767642460616,0.07282366071428571,0.17682914062500002,0.26142578125,77.75986328125,0.0,0.506216015625,0.16796875,0.228515625,0.3223,0.300683
REP00190,590,0.823728813559322,0.5271186440677966,0.3728813559322034,0.1847457627118644,0.2847457627118644,0.13220338983050847,0.20286065794424143,0.061743341404358346,0.1439750847457627,0.2730508474576271,77.7652372881356,0.0,0.3880957627118644,0.14745762711864407,0.17966101694915254,0.2966,0.286008
REP00039,524,0.8492366412213741,0.5248091603053435,0.37595419847328243,0.15267175572519084,0.31297709923664124,0.11641221374045801,0.20084391271230578,0.07061068702290077,0.141198893129771,0.26440839694656487,77.7658969465649,0.0,0.3581891221374046,0.15458015267175573,0.20038167938931298,0.3244,0.316854
REP00125,527,0.8425047438330171,0.5104364326375711,0.3908918406072106,0.15180265654648956,0.269449715370019,0.12333965844402277,0.1701605241943381,0.07020872865275142,0.1579481593927894,0.263662239089184,77.77791271347249,0.0,0.4481848197343453,0.15180265654648956,0.22960151802656548,0.3321,0.277027
REP00226,534,0.850187265917603,0.50187265917603,0.3838951310861423,0.15917602996254682,0.2883895131086142,0.11797752808988764,0.19690408051031233,0.06393793472445157,0.13205337078651685,0.26994382022471913,77.80595505617977,0.0,0.323188202247191,0.149812734082397,0.1947565543071161,0.3483,0.27533
REP00191,520,0.8403846153846154,0.5038461538461538,0.38076923076923075,0.1346153846153846,0.275,0.10384615384615385,0.18884696555653518,0.06895604395604395,0.15920115384615385,0.2564423076923077,77.808,0.0,0.4109096153846154,0.17115384615384616,0.21346153846153845,0.3365,0.265446
REP00029,534,0.850187265917603,0.5337078651685393,0.36329588014981273,0.15168539325842698,0.27153558052434457,0.12359550561797752,0.1887375928246555,0.06928838951310862,0.18690232209737828,0.25702247191011235,77.81286516853933,0.0,0.5510846441947566,0.1704119850187266,0.19850187265917604,0.3165,0.270925
REP00167,537,0.8472998137802608,0.5307262569832403,0.37988826815642457,0.1601489757914339,0.27001862197392923,0.1340782122905028,0.19716458960183902,0.06491088055333864,0.14568387337057728,0.2628491620111732,77.81921787709497,0.0,0.3890338919925512,0.15083798882681565,0.1824953445065177,0.3166,0.285714
REP00238,549,0.8360655737704918,0.5391621129326047,0.36065573770491804,0.15664845173041894,0.30783242258652094,0.151183970856102,0.1880621578318466,0.06687483736664064,0.17838200364298726,0.2692167577413479,77.82482695810565,0.0,0.5271559198542805,0.1621129326047359,0.1912568306010929,0.2969,0.296296
REP00133,529,0.8431001890359168,0.5179584120982986,0.3780718336483932,0.17013232514177692,0.30623818525519847,0.10775047258979206,0.19211842780679889,0.06346205779098028,0.14593678638941399,0.2685255198487712,77.87689981096408,0.0,0.3851659735349717,0.15311909262759923,0.21172022684310018,0.3251,0.304933
REP00113,528,0.8333333333333334,0.5246212121212122,0.3731060606060606,0.1268939393939394,0.29734848484848486,0.12878787878787878,0.1947915966922861,0.06791125541125541,0.1593326893939394,0.2574810606060606,77.87861742424244,0.0,0.40887935606060605,0.17234848484848486,0.2196969696969697,0.3087,0.306818
REP00097,532,0.8233082706766918,0.4943609022556391,0.3890977443609023,0.13721804511278196,0.2951127819548872,0.13157894736842105,0.1865524239418256,0.06713211600429646,0.12784714285714285,0.2700187969924812,77.88082706766917,0.0,0.27551390977443607,0.16165413533834586,0.21052631578947367,0.3289,0.289954
REP00154,525,0.820952380952381,0.5295238095238095,0.35619047619047617,0.16,0.2761904761904762,0.1295238095238095,0.16644208650536435,0.0783673469387755,0.20366038095238095,0.26295238095238094,77.88521904761905,0.0,0.5940161904761906,0.18857142857142858,0.23809523809523808,0.2914,0.264501
REP00055,519,0.8265895953757225,0.5086705202312138,0.36416184971098264,0.14258188824662812,0.2909441233140655,0.11560693641618497,0.20068602190480075,0.06578585191301954,0.1609914836223507,0.26271676300578034,77.89726396917149,0.0,0.42345452793834293,0.16955684007707128,0.19460500963391136,0.3179,0.27972
REP00023,548,0.8375912408759124,0.5291970802919708,0.3594890510948905,0.18795620437956204,0.3010948905109489,0.10583941605839416,0.17542751847082197,0.06986444212721585,0.18829770072992702,0.2692518248175182,77.89759124087591,0.0,0.5473279197080292,0.17518248175182483,0.21350364963503649,0.3084,0.287582
REP00043,558,0.8333333333333334,0.510752688172043,0.3709677419354839,0.16845878136200718,0.31899641577060933,0.0967741935483871,0.1867128948211276,0.07270865335381464,0.14966387096774192,0.2693548387096774,77.90517921146953,0.0,0.3612225806451613,0.17204301075268819,0.23118279569892472,0.3226,0.307527
REP00017,547,0.8482632541133455,0.5210237659963437,0.38391224862888484,0.15539305301645337,0.28884826325411334,0.10603290676416818,0.18695343691165636,0.07469313136589187,0.13659049360146253,0.26014625228519195,77.91733089579525,0.0,0.30041133455210234,0.170018281535649,0.2340036563071298,0.3272,0.293103
REP00078,527,0.8349146110056926,0.5199240986717267,0.3776091081593928,0.15370018975332067,0.2713472485768501,0.1347248576850095,0.18962850377632345,0.06695581458389807,0.14700853889943075,0.2645161290322581,77.93252371916509,0.0,0.35506166982922205,0.16888045540796964,0.20872865275142316,0.315,0.275
REP00094,548,0.8047445255474452,0.5218978102189781,0.3594890510948905,0.14233576642335766,0.31204379562043794,0.15145985401459855,0.1826129414841579,0.07168925964546402,0.17161394160583943,0.2708029197080292,77.9366605839416,0.0,0.4639091240875912,0.17518248175182483,0.2208029197080292,0.2828,0.31746
REP00120,496,0.8568548387096774,0.5262096774193549,0.3790322580645161,0.15120967741935484,0.2721774193548387,0.11693548387096774,0.18309241787527222,0.059907834101382486,0.16918814516129033,0.25756048387096775,77.9753629032258,0.0,0.546545564516129,0.13306451612903225,0.19959677419354838,0.3306,0.268235
REP00079,520,0.8538461538461538,0.525,0.37115384615384617,0.14423076923076922,0.2865384615384615,0.13653846153846153,0.18782048268067952,0.07527472527472527,0.14727615384615386,0.2628846153846154,77.99228846153846,0.0,0.3209961538461539,0.18461538461538463,0.225,0.3288,0.292793
REP00177,534,0.8539325842696629,0.5374531835205992,0.37640449438202245,0.149812734082397,0.2958801498127341,0.08801498127340825,0.18156136127590783,0.06928838951310862,0.1685316104868914,0.2500936329588015,78.04312734082397,0.0,0.47187153558052436,0.1647940074906367,0.2247191011235955,0.3165,0.298246
REP00128,532,0.8214285714285714,0.5206766917293233,0.3533834586466165,0.18609022556390978,0.3176691729323308,0.12406015037593984,0.17654713060760632,0.07142857142857142,0.17290718045112782,0.2782894736842105,78.04656015037594,0.0,0.5050434210526316,0.15977443609022557,0.23308270676691728,0.3008,0.320366
REP00048,523,0.847036328871893,0.5315487571701721,0.37667304015296366,0.1491395793499044,0.3193116634799235,0.10707456978967496,0.1967785629264168,0.06391696257853044,0.14142340344168258,0.25994263862332695,78.04908221797322,0.0,0.3500424474187381,0.1586998087954111,0.18929254302103252,0.3155,0.316027
REP00153,521,0.8253358925143954,0.5143953934740882,0.3781190019193858,0.1727447216890595,0.2744721689059501,0.1343570057581574,0.18863161447493274,0.06498491911159857,0.13187074856046066,0.2722648752399232,78.0512284069098,0.0,0.3440946257197697,0.1401151631477927,0.2034548944337812,0.3109,0.274419
REP00146,529,0.8128544423440454,0.5217391304347826,0.3572778827977316,0.15879017013232513,0.28166351606805295,0.11531190926275993,0.19448043258123726,0.07129354577369701,0.163265595463138,0.26219281663516064,78.05960302457467,0.0,0.4207703213610586,0.17580340264650285,0.21928166351606806,0.2911,0.267442
REP00139,511,0.8532289628180039,0.5362035225048923,0.37181996086105673,0.11741682974559686,0.31898238747553814,0.14285714285714285,0.2055149335372578,0.06821358680458484,0.13273068493150686,0.25792563600782775,78.0804109589041,0.0,0.2937904109589041,0.1643835616438356,0.19960861056751467,0.317,0.318807
REP00031,512,0.8125,0.509765625,0.376953125,0.150390625,0.291015625,0.103515625,0.1781421686271616,0.07366071428571429,0.148263828125,0.26171875,78.081484375,0.0,0.341416796875,0.177734375,0.21875,0.3027,0.288462
REP00158,514,0.830739299610895,0.5272373540856031,0.36186770428015563,0.1575875486381323,0.27626459143968873,0.11478599221789883,0.21156770459473684,0.06392440244580322,0.1447495719844358,0.2592412451361868,78.08737354085603,0.0,0.39544046692607,0.14591439688715954,0.20038910505836577,0.3035,0.266979
REP00209,530,0.8471698113207548,0.539622641509434,0.35094339622641507,0.17547169811320754,0.2943396226415094,0.11886792452830189,0.19777260946598768,0.0660377358490566,0.1708635849056604,0.264622641509434,78.09481132075472,0.0,0.4977141509433962,0.15849056603773584,0.1811320754716981,0.3075,0.285078
REP00089,526,0.8498098859315589,0.5285171102661597,0.38022813688212925,0.14258555133079848,0.31749049429657794,0.12927756653992395,0.1830822635791463,0.0706137968495383,0.13544068441064638,0.2641634980988593,78.10543726235741,0.0,0.3264429657794677,0.155893536121673,0.21102661596958175,0.3213,0.299776
REP00106,560,0.8642857142857143,0.55,0.3732142857142857,0.17857142857142858,0.2642857142857143,0.125,0.18529419569095265,0.06964285714285715,0.15031410714285715,0.2594642857142857,78.12683928571428,0.0,0.3899633928571429,0.16071428571428573,0.2125,0.3143,0.268595
REP00077,513,0.8440545808966862,0.5477582846003899,0.35282651072124754,0.15984405458089668,0.2884990253411306,0.11500974658869395,0.21240209071859253,0.06237816764132553,0.1627764522417154,0.25565302144249513,78.12892787524366,0.0,0.45861910331384015,0.15789473684210525,0.18128654970760233,0.2963,0.286374
REP00232,520,0.8211538461538461,0.5192307692307693,0.37115384615384617,0.17692307692307693,0.3019230769230769,0.11538461538461539,0.16644388975096683,0.07252747252747253,0.1578994230769231,0.2714423076923077,78.14451923076923,0.0,0.4433432692307692,0.15384615384615385,0.22115384615384615,0.3019,0.297424
REP00202,521,0.8502879078694817,0.5412667946257198,0.362763915547025,0.14779270633397312,0.30902111324376197,0.12859884836852206,0.19910360557154452,0.0655333150534686,0.14969857965451058,0.2604606525911708,78.18343570057581,0.0,0.40300345489443384,0.15355086372360843,0.2053742802303263,0.309,0.30474
REP00009,483,0.8198757763975155,0.5093167701863354,0.36231884057971014,0.17391304347826086,0.2712215320910973,0.14492753623188406,0.1839892877317929,0.07216799763383613,0.13841478260869566,0.2762939958592132,78.21660455486543,0.0,0.34269503105590066,0.15527950310559005,0.2194616977225673,0.3106,0.265152
REP00088,535,0.8336448598130841,0.5308411214953271,0.35887850467289717,0.16074766355140188,0.2841121495327103,0.11962616822429907,0.1861605443123418,0.07343124165554071,0.15858672897196263,0.26149532710280377,78.22732710280374,0.0,0.39760654205607476,0.17570093457943925,0.2130841121495327,0.3028,0.284753
REP00005,492,0.8617886178861789,0.5528455284552846,0.34959349593495936,0.17276422764227642,0.3089430894308943,0.11382113821138211,0.1834320213414702,0.07665505226480837,0.17290060975609756,0.2607723577235772,78.2494512195122,0.0,0.4803567073170731,0.17073170731707318,0.241869918699187,0.3089,0.29717
REP00179,514,0.8482490272373541,0.5233463035019456,0.36770428015564205,0.14007782101167315,0.27431906614785995,0.1264591439688716,0.17466357744439132,0.06948304613674264,0.16723568093385216,0.25778210116731515,78.26038910505837,0.0,0.4640966926070039,0.16536964980544747,0.20428015564202334,0.3249,0.266055
REP00157,606,0.8333333333333334,0.5396039603960396,0.3613861386138614,0.14686468646864687,0.2986798679867987,0.10561056105610561,0.20269034386564694,0.06506364922206506,0.14872125412541257,0.25338283828382835,78.3117491749175,0.0,0.37231914191419146,0.16501650165016502,0.19141914191419143,0.2937,0.30099
REP00013,522,0.8486590038314177,0.5363984674329502,0.36398467432950193,0.15134099616858238,0.3218390804597701,0.11685823754789272,0.17644098379695036,0.07361795292829774,0.15402708812260538,0.26197318007662834,78.34934865900384,0.0,0.3822044061302682,0.1724137931034483,0.23180076628352492,0.3123,0.329571
REP00092,541,0.8262476894639557,0.5138632162661737,0.3678373382624769,0.16635859519408502,0.2698706099815157,0.13123844731977818,0.17897206898277468,0.07050435701082651,0.13759567467652495,0.26903881700554527,78.36974121996303,0.0,0.3677380776340111,0.1423290203327172,0.21072088724584104,0.3124,0.266219
REP00159,546,0.8406593406593407,0.5476190476190477,0.3516483516483517,0.15384615384615385,0.2967032967032967,0.1391941391941392,0.18627733267097166,0.07770800627943485,0.1547097435897436,0.2611721611721612,78.38483516483517,0.0,0.3367355311355312,0.19413919413919414,0.23443223443223443,0.293,0.296296
REP00049,524,0.8187022900763359,0.517175572519084,0.35877862595419846,0.15267175572519084,0.30725190839694655,0.11641221374045801,0.16817155675204126,0.07415485278080697,0.1621726717557252,0.2658396946564885,78.43463740458016,0.0,0.43300076335877863,0.16793893129770993,0.24236641221374045,0.3015,0.286713
REP00067,519,0.8285163776493256,0.5414258188824663,0.348747591522158,0.14065510597302505,0.2947976878612717,0.11946050096339114,0.1941759012302941,0.06496008808147537,0.1720973795761079,0.25385356454720615,78.44015414258189,0.0,0.5180013487475916,0.15221579961464354,0.19845857418111754,0.2871,0.302326
REP00059,543,0.8250460405156538,0.5322283609576427,0.3462246777163904,0.15653775322283608,0.27071823204419887,0.13443830570902393,0.17922115798806293,0.07103393843725335,0.17614515653775323,0.26151012891344383,78.46685082872928,0.0,0.48707937384898714,0.17495395948434622,0.20257826887661143,0.2928,0.261161
REP00229,515,0.8601941747572815,0.545631067961165,0.37475728155339805,0.13203883495145632,0.29902912621359223,0.11262135922330097,0.18163330588089238,0.06796116504854369,0.14464135922330099,0.24893203883495144,78.49097087378641,0.0,0.3867990291262136,0.14951456310679612,0.2174757281553398,0.3146,0.284424
REP00192,528,0.8143939393939394,0.5246212121212122,0.3693181818181818,0.13636363636363635,0.2765151515151515,0.09090909090909091,0.20407554538931633,0.05844155844155843,0.13428484848484848,0.24772727272727268,78.54785984848485,0.0,0.3731287878787879,0.13257575757575757,0.19507575757575757,0.2898,0.274419
REP00180,507,0.863905325443787,0.5522682445759369,0.35502958579881655,0.16173570019723865,0.2938856015779093,0.09467455621301775,0.175312729165742,0.07241476472245703,0.17316686390532546,0.25059171597633134,78.56055226824456,0.0,0.4575502958579882,0.1814595660749507,0.22682445759368836,0.3116,0.299087
REP00018,533,0.8292682926829268,0.5272045028142589,0.35834896810506567,0.1669793621013133,0.2964352720450281,0.10694183864915573,0.18312288144875413,0.06861431251675154,0.1443132833020638,0.26313320825515946,78.57943714821764,0.0,0.3669697936210131,0.1575984990619137,0.21200750469043153,0.3021,0.303167
REP00060,544,0.8143382352941176,0.5238970588235294,0.3639705882352941,0.1488970588235294,0.2665441176470588,0.0974264705882353,0.19960580943780815,0.06722689075630252,0.12958658088235295,0.25183823529411764,78.58356617647058,0.0,0.26328216911764707,0.17095588235294118,0.19669117647058823,0.2904,0.264108
REP00143,562,0.8256227758007118,0.5444839857651246,0.35587188612099646,0.16725978647686832,0.28291814946619215,0.13167259786476868,0.18137268875558735,0.07015760040671072,0.14940074733096087,0.2621886120996441,78.58798932384342,0.0,0.3546549822064057,0.17437722419928825,0.2206405693950178,0.2811,0.295259
REP00155,538,0.845724907063197,0.5297397769516728,0.3680297397769517,0.1524163568773234,0.26579925650557623,0.1171003717472119,0.1751903378534616,0.06186935740839086,0.15574620817843865,0.25594795539033455,78.60280669144981,0.0,0.44834070631970263,0.14684014869888476,0.20074349442379183,0.316,0.268132
REP00185,556,0.8381294964028777,0.5539568345323741,0.3471223021582734,0.15827338129496402,0.3039568345323741,0.12769784172661872,0.19288246514551732,0.07425488180883864,0.14289859712230216,0.2588129496402878,78.65933453237409,0.0,0.3421908273381295,0.16546762589928057,0.23741007194244604,0.2842,0.304721
REP00108,540,0.8240740740740741,0.5481481481481482,0.3388888888888889,0.17222222222222222,0.3037037037037037,0.12407407407407407,0.1863020846862719,0.06666666666666667,0.16689351851851852,0.26379629629629625,78.68901851851852,0.0,0.5053009259259259,0.14629629629629629,0.1962962962962963,0.2759,0.316854
REP00137,548,0.822992700729927,0.5164233576642335,0.354014598540146,0.14963503649635038,0.2937956204379562,0.12226277372262774,0.18253057219442906,0.06517205422314912,0.14610204379562045,0.2645985401459854,78.71211678832117,0.0,0.41025474452554744,0.14233576642335766,0.21897810218978103,0.3066,0.286031
REP00033,502,0.8426294820717132,0.549800796812749,0.3545816733067729,0.14940239043824702,0.29282868525896416,0.10756972111553785,0.18829991415912292,0.061752988047808766,0.15809470119521912,0.25069721115537846,78.74902390438247,0.0,0.4722464143426295,0.14143426294820718,0.21115537848605578,0.2928,0.295508
REP00169,562,0.8416370106761566,0.5516014234875445,0.3505338078291815,0.14412811387900357,0.2846975088967972,0.14768683274021352,0.18865751604434233,0.06075241484494153,0.15626120996441284,0.2573843416370107,78.75688612099644,0.0,0.4770355871886121,0.13523131672597866,0.1797153024911032,0.29,0.27907
REP00239,502,0.8545816733067729,0.5637450199203188,0.35856573705179284,0.15737051792828685,0.27091633466135456,0.10557768924302789,0.2006074477792324,0.06346044393853158,0.13873011952191236,0.2451195219123506,78.77101593625498,0.0,0.3350848605577689,0.1593625498007968,0.20119521912350596,0.2908,0.282051
REP00145,532,0.8345864661654135,0.5263157894736842,0.36466165413533835,0.14849624060150377,0.2650375939849624,0.11090225563909774,0.18255904708176574,0.06203007518796992,0.1403176315789474,0.25413533834586466,78.80424812030076,0.0,0.38438890977443607,0.14097744360902256,0.18984962406015038,0.3083,0.263514
REP00087,564,0.8138297872340425,0.5425531914893617,0.33687943262411346,0.17553191489361702,0.2801418439716312,0.15070921985815602,0.17905614667673017,0.06458966565349543,0.16661166666666666,0.26959219858156025,78.81423758865249,0.0,0.49396258865248216,0.15070921985815602,0.1950354609929078,0.2713,0.263617
REP00030,526,0.8498098859315589,0.5437262357414449,0.35551330798479086,0.13688212927756654,0.30988593155893535,0.11026615969581749,0.18232860474058082,0.06898424769147203,0.14677600760456275,0.25199619771863113,78.84460076045627,0.0,0.38739714828897337,0.15399239543726237,0.2262357414448669,0.3061,0.304251
REP00240,484,0.8285123966942148,0.5599173553719008,0.33884297520661155,0.17355371900826447,0.2727272727272727,0.12396694214876033,0.19516989397728648,0.06109799291617473,0.1579205785123967,0.25599173553719007,78.91516528925621,0.0,0.4595409090909091,0.14669421487603307,0.18181818181818182,0.2686,0.264339
REP00203,523,0.8546845124282982,0.5353728489483748,0.372848948374761,0.14340344168260039,0.27915869980879543,0.11281070745697896,0.16254870027050908,0.07211144496039333,0.13446049713193117,0.2524856596558317,78.91887189292542,0.0,0.31522791586998083,0.1586998087954111,0.22179732313575526,0.3193,0.279642
REP00218,560,0.8428571428571429,0.525,0.3607142857142857,0.14464285714285716,0.26607142857142857,0.11607142857142858,0.1919247095836649,0.06403061224489795,0.11304571428571429,0.25482142857142853,79.07085714285715,0.0,0.271925,0.13035714285714287,0.20535714285714285,0.3179,0.264831
REP00237,553,0.833634719710669,0.5424954792043399,0.35443037974683544,0.14285714285714285,0.2603978300180832,0.1301989150090416,0.18079906999096687,0.062257814518212336,0.1433926582278481,0.2517179023508137,79.09278481012657,0.0,0.4036721518987342,0.13924050632911392,0.189873417721519,0.2911,0.264642
REP00103,543,0.856353591160221,0.5469613259668509,0.35911602209944754,0.13259668508287292,0.26335174953959484,0.12338858195211787,0.19657211850640957,0.061562746645619566,0.12229303867403314,0.2460405156537753,79.10405156537753,0.0,0.2965480662983425,0.13996316758747698,0.1841620626151013,0.3094,0.270968
REP00091,540,0.8481481481481481,0.5259259259259259,0.37037037037037035,0.13148148148148148,0.24814814814814815,0.10555555555555556,0.16021095379519223,0.06904761904761905,0.14162666666666668,0.24527777777777776,79.12562962962963,0.0,0.3623,0.1537037037037037,0.21481481481481482,0.3222,0.244541
REP00102,517,0.8491295938104448,0.5454545454545454,0.3578336557059961,0.1276595744680851,0.28433268858800775,0.09090909090909091,0.19129088681961254,0.06604034263608731,0.12827172147001933,0.24003868471953577,79.18263056092843,0.0,0.2888441005802708,0.15667311411992263,0.1895551257253385,0.3037,0.29385
REP00188,524,0.851145038167939,0.5267175572519084,0.36259541984732824,0.16793893129770993,0.2652671755725191,0.11259541984732824,0.14600892051542033,0.06597600872410032,0.1535841603053435,0.2603053435114504,79.18538167938931,0.0,0.4287032442748091,0.15076335877862596,0.22709923664122136,0.3244,0.246637
REP00053,562,0.8434163701067615,0.5498220640569395,0.3469750889679715,0.14590747330960854,0.24377224199288255,0.12455516014234876,0.1829165211424116,0.06786985256736146,0.14613946619217083,0.24653024911032026,79.18697508896797,0.0,0.3583663701067616,0.16548042704626334,0.20462633451957296,0.2936,0.240506
REP00170,554,0.8357400722021661,0.555956678700361,0.3285198555956679,0.16967509025270758,0.2779783393501805,0.11552346570397112,0.17646250077365971,0.05956678700361011,0.1775106498194946,0.25469314079422384,79.30994584837545,0.0,0.5626435018050543,0.1444043321299639,0.18231046931407943,0.2798,0.282937
REP00151,558,0.8351254480286738,0.546594982078853,0.35663082437275984,0.13620071684587814,0.25806451612903225,0.10752688172043011,0.17790372490117398,0.06400409626216078,0.12226788530465951,0.24247311827956985,79.56263440860215,0.0,0.27666200716845885,0.14874551971326164,0.2007168458781362,0.2885,0.251073
REP00063,538,0.8215613382899628,0.5464684014869888,0.33271375464684017,0.15613382899628253,0.26394052044609667,0.11524163568773234,0.1705841008311706,0.06240042485395645,0.1562896654275093,0.2513011152416357,79.6521375464684,0.0,0.4301472118959108,0.15613382899628253,0.18401486988847585,0.2751,0.257919
REP00007,564,0.8280141843971631,0.5478723404255319,0.3421985815602837,0.1400709219858156,0.2624113475177305,0.10638297872340426,0.18167641601488638,0.06408308004052685,0.13082421985815604,0.24361702127659576,79.69510638297872,0.0,0.36688705673758865,0.1276595744680851,0.20567375886524822,0.2801,0.261242
REP00100,524,0.851145038167939,0.5610687022900763,0.34541984732824427,0.16603053435114504,0.24427480916030533,0.10687022900763359,0.1792762986144658,0.062159214830970554,0.11352072519083971,0.24484732824427477,79.93585877862596,0.0,0.2927944656488549,0.12213740458015267,0.1946564885496183,0.2901,0.237668
